Client Order ID,Instrument,Side,Quantity,Price
aa13,,2,200,98
aa14,Lavender,1,200,42
aa15,Orchid,1,300,62
aa16,Lotus,2,200,26
aa17,Rose,2,400,50
aa18,Orchid,2,100,47
aa19,Lotus,2,200,74
aa20,Lavender,2,300,87
aa21,Lotus,2,400,98
aa22,Rose,2,200,40
aa23,Lavender,1,400,61
aa24,Rose,2,100,10
aa25,Tulip,1,100,47
aa26,Lavender,1,100,0
aa27,Lavender,1,300,43
aa28,Orchid,1,200,30
aa29,Lotus,1,400,55
aa30,Tulip,1,300,50
aa31,Lavender,2,400,95
aa32,Tulip,2,100,52
aa33,Lotus,2,200,78
aa34,Orchid,2,200,91
aa35,Orchid,2,300,42
aa36,Rose,1,200,57
aa37,Tulip,1,100,44
aa38,Rose,2,200,40
aa39,Lavender,2,200,46
aa40,Lavender,1,100,30
aa41,Rose,2,200,15
aa42,Tulip,1,200,80
aa43,Lavender,1,200,52
aa44,Lavender,1,200,71
aa45,Lavender,2,100,84
aa46,Rose,1,100,8
aa47,Lotus,2,200,71
aa48,Lavender,1,100,99
aa49,Orchid,2,300,18
aa50,Rose,2,300,355
aa51,Rose,2,200,592
aa52,Orchid,2,100,435
aa53,Rose,1,100,361
aa54,Rose,1,200,753
aa55,Rose,1,300,572
aa56,Rose,2,300,527
aa57,Rose,1,200,373
aa58,Lavender,2,200,651
aa59,Rose,1,300,556
aa60,Rose,1,200,246
aa61,Lavender,1,100,258
aa62,Lavender,2,200,843
aa63,Lavender,1,200,224
aa64,Rose,2,300,278
aa65,Orchid,1,200,85
aa66,Tulip,1,300,9
aa67,Orchid,2,200,868
aa68,Orchid,2,300,576
aa69,Tulip,1,300,735
aa70,Orchid,2,300,684
aa71,Rose,2,200,608
aa72,Rose,2,100,923
aa73,Tulip,2,300,99
aa74,Tulip,2,200,580
aa75,Rose,1,200,224
aa76,Lavender,1,100,515
aa77,Lotus,2,300,484
aa78,Lavender,2,200,373
aa79,Lavender,2,100,979
aa80,Orchid,1,100,6
aa81,Tulip,1,300,522
aa82,Orchid,1,300,155
aa83,Lavender,2,100,872
aa84,Orchid,1,200,499
aa85,Lavender,2,300,451
aa86,Tulip,1,200,994
aa87,Lavender,2,100,291
aa88,Rose,2,300,213
aa89,Lotus,1,300,413
aa90,Lotus,2,200,78
aa91,Orchid,2,100,107
aa92,Orchid,2,200,263
aa93,Lotus,1,300,967
aa94,Orchid,1,200,781
aa95,Lotus,2,100,292
aa96,Tulip,2,200,393
aa97,Orchid,2,200,527
aa98,Tulip,2,100,47
aa99,Orchid,2,200,653
aa100,Lotus,2,100,226
aa101,Lavender,2,200,653
aa102,Lavender,2,300,412
aa103,Lotus,1,300,799
aa104,Rose,2,200,738
aa105,Lavender,2,200,952
aa106,Rose,2,300,371
aa107,Orchid,2,200,804
aa108,Orchid,2,100,558
aa109,Rose,2,100,323
aa110,Rose,2,200,819
aa111,Rose,2,300,129
aa112,Lotus,2,100,104
aa113,Lavender,1,200,481
aa114,Rose,1,300,779
aa115,Lotus,2,300,854
aa116,Lavender,1,200,474
aa117,Tulip,1,200,375
aa118,Lotus,2,300,942
aa119,Orchid,1,300,908
aa120,Orchid,2,200,280
aa121,Orchid,1,100,976
aa122,Lavender,2,300,374
aa123,Orchid,2,300,818
aa124,Lavender,2,100,339
aa125,Lavender,2,100,364
aa126,Lavender,1,300,676
aa127,Orchid,2,200,309
aa128,Rose,2,100,975
aa129,Rose,1,100,345
aa130,Orchid,1,300,771
aa131,Lavender,2,300,533
aa132,Tulip,2,300,174
aa133,Lotus,2,200,539
aa134,Lotus,2,300,163
aa135,Lavender,2,200,578
aa136,Lavender,1,200,582
aa137,Tulip,2,300,615
aa138,Lavender,2,100,493
aa139,Orchid,1,200,429
aa140,Tulip,1,200,809
aa141,Orchid,2,300,792
aa142,Lotus,1,300,294
aa143,Lotus,2,200,639
aa144,Rose,2,200,335
aa145,Orchid,1,200,544
aa146,Rose,2,200,285
aa147,Lavender,1,300,341
aa148,Lavender,1,100,195
aa149,Rose,2,200,951
aa150,Tulip,1,300,464
aa151,Tulip,1,100,517
aa152,Rose,1,100,173
aa153,Orchid,2,200,392
aa154,Lotus,1,100,102
aa155,Orchid,1,100,214
aa156,Lotus,1,100,147
aa157,Lavender,1,300,993
aa158,Orchid,2,300,332
aa159,Lotus,2,100,786
aa160,Tulip,2,100,320
aa161,Lotus,1,200,916
aa162,Tulip,1,100,265
aa163,Tulip,1,100,102
aa164,Lavender,2,200,726
aa165,Lotus,2,100,543
aa166,Tulip,2,100,82
aa167,Tulip,2,300,246
aa168,Lotus,2,200,725
aa169,Lotus,2,200,307
aa170,Lotus,2,300,86
aa171,Lavender,1,100,942
aa172,Lotus,1,200,698
aa173,Orchid,1,100,766
aa174,Tulip,1,100,283
aa175,Rose,2,100,61
aa176,Tulip,2,100,40
aa177,Lavender,2,100,543
aa178,Rose,2,200,382
aa179,Rose,2,300,267
aa180,Lavender,2,200,726
aa181,Lotus,2,300,685
aa182,Lotus,2,200,770
aa183,Rose,1,100,634
aa184,Orchid,1,200,34
aa185,Rose,1,200,82
aa186,Lavender,2,200,565
aa187,Lotus,2,100,274
aa188,Tulip,1,300,460
aa189,Orchid,2,200,71
aa190,Tulip,1,100,187
aa191,Orchid,2,200,122
aa192,Lavender,2,100,109
aa193,Rose,1,200,745
aa194,Rose,1,200,871
aa195,Lotus,2,100,169
aa196,Orchid,2,300,996
aa197,Lotus,2,100,94
aa198,Tulip,2,100,835
aa199,Rose,2,100,853
aa200,Lavender,1,200,195
aa201,Tulip,2,200,424
aa202,Lotus,1,300,646
aa203,Lavender,1,200,613
aa204,Lotus,2,300,545
aa205,Orchid,1,200,219
aa206,Lavender,2,300,994
aa207,Rose,2,200,927
aa208,Tulip,1,300,415
aa209,Lotus,1,100,706
aa210,Tulip,2,100,25
aa211,Lotus,2,100,646
aa212,Lotus,1,300,143
aa213,Orchid,2,100,249
aa214,Tulip,1,200,446
aa215,Tulip,1,200,338
aa216,Rose,2,300,175
aa217,Tulip,1,200,299
aa218,Lotus,1,200,942
aa219,Tulip,2,300,156
aa220,Tulip,1,300,218
aa221,Lotus,1,100,75
aa222,Tulip,1,100,598
aa223,Orchid,2,300,591
aa224,Lotus,2,100,850
aa225,Lavender,2,300,652
aa226,Orchid,2,100,760
aa227,Lotus,1,200,125
aa228,Rose,1,100,205
aa229,Lavender,2,200,673
aa230,Tulip,2,100,55
aa231,Orchid,1,200,196
aa232,Orchid,1,100,91
aa233,Orchid,2,300,347
aa234,Rose,2,300,344
aa235,Lavender,2,300,97
aa236,Rose,1,100,489
aa237,Tulip,2,100,740
aa238,Orchid,1,100,253
aa239,Orchid,1,200,400
aa240,Lavender,1,100,11
aa241,Orchid,2,100,960
aa242,Lavender,1,200,307
aa243,Lavender,2,200,391
aa244,Lavender,2,300,88
aa245,Lavender,1,100,718
aa246,Lavender,1,200,679
aa247,Lotus,1,200,712
aa248,Lavender,2,300,890
aa249,Tulip,2,300,198
aa250,Lotus,1,200,622
aa251,Tulip,1,100,88
aa252,Tulip,2,300,331
aa253,Rose,1,300,712
aa254,Rose,2,200,170
aa255,Rose,2,200,638
aa256,Rose,2,200,462
aa257,Tulip,1,200,306
aa258,Lotus,1,300,170
aa259,Lavender,2,100,746
aa260,Tulip,1,200,160
aa261,Lotus,1,200,438
aa262,Lotus,2,200,996
aa263,Orchid,2,300,441
aa264,Rose,1,100,492
aa265,Rose,2,100,201
aa266,Lotus,1,200,506
aa267,Rose,2,300,290
aa268,Lotus,1,300,445
aa269,Tulip,1,100,510
aa270,Tulip,1,100,870
aa271,Rose,1,300,19
aa272,Lotus,1,100,253
aa273,Rose,2,200,169
aa274,Lavender,2,300,492
aa275,Rose,2,100,89
aa276,Rose,2,100,210
aa277,Lavender,1,100,845
aa278,Tulip,1,300,905
aa279,Rose,2,300,95
aa280,Lavender,1,100,145
aa281,Orchid,1,100,845
aa282,Tulip,1,200,813
aa283,Lavender,1,300,435
aa284,Lavender,2,200,574
aa285,Orchid,2,100,428
aa286,Lotus,1,100,838
aa287,Lotus,1,300,524
aa288,Orchid,1,300,74
aa289,Lotus,1,100,784
aa290,Tulip,2,300,511
aa291,Orchid,1,300,892
aa292,Rose,1,200,727
aa293,Lavender,1,300,196
aa294,Rose,1,100,697
aa295,Lotus,1,200,870
aa296,Lavender,1,300,55
aa297,Lavender,2,200,184
aa298,Lavender,2,200,383
aa299,Orchid,2,200,79
aa300,Tulip,2,300,126
aa301,Tulip,1,300,998
aa302,Orchid,1,200,736
aa303,Rose,2,100,53
aa304,Lotus,2,200,687
aa305,Lavender,1,300,569
aa306,Lavender,2,200,63
aa307,Tulip,1,100,632
aa308,Lotus,1,300,994
aa309,Lotus,2,100,19
aa310,Lotus,2,100,450
aa311,Lavender,2,200,937
aa312,Lotus,2,100,443
aa313,Tulip,1,200,209
aa314,Orchid,2,300,778
aa315,Rose,1,100,77
aa316,Lavender,1,200,767
aa317,Lotus,1,100,635
aa318,Tulip,1,100,473
aa319,Rose,1,100,545
aa320,Rose,2,200,524
aa321,Lavender,2,300,116
aa322,Lavender,1,300,106
aa323,Lotus,1,100,295
aa324,Lavender,2,300,189
aa325,Orchid,1,100,922
aa326,Orchid,2,100,495
aa327,Lavender,2,300,265
aa328,Lavender,1,300,174
aa329,Tulip,2,100,242
aa330,Tulip,1,300,589
aa331,Lavender,2,100,859
aa332,Lotus,2,300,618
aa333,Lotus,1,300,983
aa334,Rose,2,300,94
aa335,Orchid,1,100,987
aa336,Lavender,1,200,205
aa337,Orchid,2,200,185
aa338,Lavender,2,100,486
aa339,Rose,1,100,937
aa340,Rose,1,300,776
aa341,Orchid,1,200,652
aa342,Lotus,1,300,525
aa343,Rose,2,200,305
aa344,Tulip,1,100,824
aa345,Orchid,1,300,409
aa346,Orchid,1,200,220
aa347,Rose,1,100,995
aa348,Orchid,2,200,384
aa349,Orchid,1,100,600
aa350,Orchid,1,200,677
aa351,Rose,2,200,606
aa352,Lotus,1,200,969
aa353,Tulip,1,200,606
aa354,Lotus,1,100,743
aa355,Tulip,1,300,265
aa356,Orchid,2,100,577
aa357,Rose,1,100,295
aa358,Rose,2,200,252
aa359,Lotus,1,100,938
aa360,Lotus,2,100,623
aa361,Orchid,1,200,886
aa362,Lotus,1,100,62
aa363,Lotus,1,200,120
aa364,Lotus,2,100,333
aa365,Orchid,2,200,170
aa366,Rose,2,100,799
aa367,Lotus,1,100,725
aa368,Tulip,1,300,172
aa369,Lotus,1,200,287
aa370,Tulip,2,300,935
aa371,Tulip,1,100,208
aa372,Lavender,1,100,861
aa373,Lotus,1,200,277
aa374,Rose,2,200,491
aa375,Orchid,1,300,448
aa376,Tulip,2,300,227
aa377,Lotus,2,100,447
aa378,Orchid,1,300,444
aa379,Rose,1,300,940
aa380,Lotus,2,100,28
aa381,Rose,1,200,557
aa382,Rose,1,200,241
aa383,Lotus,1,100,446
aa384,Lotus,2,100,513
aa385,Lotus,2,100,237
aa386,Lotus,1,300,549
aa387,Lavender,1,100,146
aa388,Lotus,2,200,580
aa389,Rose,1,200,529
aa390,Tulip,2,100,979
aa391,Rose,1,300,557
aa392,Lotus,2,100,902
aa393,Lotus,2,100,44
aa394,Rose,2,200,207
aa395,Rose,2,200,574
aa396,Orchid,1,100,599
aa397,Rose,2,300,52
aa398,Lotus,1,200,873
aa399,Lotus,2,300,936
aa400,Rose,2,300,542
aa401,Lavender,2,300,514
aa402,Orchid,1,200,204
aa403,Rose,1,300,312
aa404,Lotus,1,100,859
aa405,Tulip,2,300,478
aa406,Tulip,2,300,279
aa407,Rose,1,100,362
aa408,Lavender,1,300,705
aa409,Orchid,1,200,631
aa410,Lotus,1,200,252
aa411,Tulip,1,200,775
aa412,Lotus,2,100,114
aa413,Tulip,2,300,918
aa414,Rose,2,200,458
aa415,Tulip,2,100,265
aa416,Orchid,1,200,399
aa417,Lotus,2,100,648
aa418,Orchid,2,300,996
aa419,Tulip,2,300,498
aa420,Rose,2,200,542
aa421,Tulip,1,200,776
aa422,Tulip,1,300,148
aa423,Orchid,1,300,788
aa424,Lotus,1,300,538
aa425,Lavender,1,100,760
aa426,Orchid,2,200,625
aa427,Lavender,1,100,905
aa428,Rose,1,100,904
aa429,Orchid,1,200,94
aa430,Orchid,2,200,177
aa431,Orchid,1,100,909
aa432,Lotus,1,200,587
aa433,Rose,1,300,995
aa434,Rose,1,200,161
aa435,Rose,1,300,452
aa436,Tulip,1,300,972
aa437,Lavender,2,100,589
aa438,Lavender,1,100,517
aa439,Rose,1,100,664
aa440,Rose,1,200,179
aa441,Tulip,1,200,342
aa442,Tulip,2,300,35
aa443,Lotus,1,300,917
aa444,Lotus,2,200,840
aa445,Lotus,1,200,491
aa446,Rose,1,100,842
aa447,Lotus,2,100,481
aa448,Tulip,2,200,524
aa449,Lotus,2,300,465
aa450,Lotus,1,100,849
aa451,Lotus,1,100,88
aa452,Tulip,1,100,198
aa453,Tulip,2,300,622
aa454,Orchid,2,100,746
aa455,Lavender,1,200,707
aa456,Rose,1,100,480
aa457,Orchid,2,300,540
aa458,Lavender,2,200,692
aa459,Orchid,2,300,482
aa460,Rose,1,100,410
aa461,Orchid,1,100,203
aa462,Orchid,1,300,692
aa463,Rose,1,200,882
aa464,Lavender,1,200,96
aa465,Lavender,2,100,479
aa466,Lavender,2,100,413
aa467,Orchid,2,300,20
aa468,Lotus,1,200,857
aa469,Lavender,2,100,101
aa470,Lotus,1,300,35
aa471,Lotus,2,200,979
aa472,Lotus,2,100,729
aa473,Lavender,1,100,406
aa474,Lavender,1,100,4
aa475,Rose,2,300,52
aa476,Lavender,2,100,469
aa477,Rose,1,300,837
aa478,Orchid,2,300,19
aa479,Lavender,1,200,95
aa480,Tulip,2,300,145
aa481,Lotus,2,300,955
aa482,Lotus,1,200,987
aa483,Rose,1,100,81
aa484,Lavender,2,200,760
aa485,Orchid,2,100,383
aa486,Tulip,1,100,4
aa487,Lavender,2,300,804
aa488,Rose,2,300,462
aa489,Rose,1,200,444
aa490,Orchid,1,100,581
aa491,Orchid,2,300,63
aa492,Orchid,2,100,280
aa493,Tulip,1,300,813
aa494,Rose,1,300,262
aa495,Lotus,1,100,59
aa496,Rose,2,300,433
aa497,Lotus,1,200,352
aa498,Lotus,1,300,501
aa499,Rose,1,300,644
aa500,Rose,2,300,251
aa501,Lotus,2,300,676
aa502,Orchid,2,300,12
aa503,Tulip,1,200,199
aa504,Rose,2,200,830
aa505,Orchid,2,100,859
aa506,Tulip,1,300,632
aa507,Lotus,2,300,430
aa508,Lavender,1,200,880
aa509,Orchid,1,100,407
aa510,Rose,2,300,392
aa511,Lavender,1,100,165
aa512,Lotus,2,200,712
aa513,Lotus,2,100,995
aa514,Lotus,1,300,341
aa515,Tulip,1,300,295
aa516,Lotus,1,100,683
aa517,Lotus,2,100,568
aa518,Orchid,1,100,180
aa519,Lavender,2,100,4
aa520,Tulip,2,300,736
aa521,Orchid,2,200,310
aa522,Lavender,1,200,536
aa523,Rose,1,100,45
aa524,Lotus,1,300,553
aa525,Lotus,1,100,1
aa526,Rose,1,200,51
aa527,Orchid,1,200,465
aa528,Lotus,1,300,970
aa529,Rose,2,100,235
aa530,Rose,1,100,520
aa531,Tulip,2,200,623
aa532,Lavender,2,300,261
aa533,Lavender,2,100,731
aa534,Orchid,1,300,664
aa535,Rose,2,300,101
aa536,Tulip,1,300,27
aa537,Orchid,2,300,504
aa538,Orchid,1,100,966
aa539,Lotus,2,300,634
aa540,Lavender,2,100,805
aa541,Lavender,2,300,585
aa542,Tulip,2,300,60
aa543,Lotus,1,200,232
aa544,Orchid,1,300,98
aa545,Lavender,2,100,633
aa546,Lotus,1,100,716
aa547,Lotus,1,200,212
aa548,Orchid,1,200,862
aa549,Tulip,1,200,564
aa550,Lavender,2,300,433
aa551,Rose,1,300,88
aa552,Lotus,1,100,525
aa553,Tulip,2,100,751
aa554,Rose,1,100,440
aa555,Lotus,2,200,433
aa556,Rose,1,200,806
aa557,Rose,1,300,158
aa558,Tulip,2,100,852
aa559,Rose,1,200,701
aa560,Lavender,1,100,312
aa561,Rose,2,100,110
aa562,Lotus,2,100,303
aa563,Lavender,2,100,194
aa564,Tulip,2,100,542
aa565,Tulip,1,200,557
aa566,Tulip,1,200,157
aa567,Lotus,2,300,763
aa568,Orchid,1,200,638
aa569,Orchid,2,300,172
aa570,Lotus,1,100,408
aa571,Lavender,2,200,851
aa572,Lavender,2,300,341
aa573,Tulip,1,100,711
aa574,Orchid,2,100,982
aa575,Rose,1,100,313
aa576,Tulip,1,100,425
aa577,Orchid,2,300,770
aa578,Tulip,1,100,679
aa579,Rose,1,200,263
aa580,Lavender,2,100,575
aa581,Lavender,1,100,921
aa582,Lotus,2,100,35
aa583,Orchid,1,100,380
aa584,Tulip,2,300,259
aa585,Lotus,2,100,438
aa586,Tulip,2,200,352
aa587,Lavender,1,200,168
aa588,Tulip,1,300,126
aa589,Lavender,1,300,156
aa590,Tulip,2,100,816
aa591,Orchid,1,300,534
aa592,Tulip,1,300,250
aa593,Tulip,1,100,994
aa594,Lavender,1,100,587
aa595,Tulip,1,300,998
aa596,Rose,2,100,630
aa597,Rose,1,200,188
aa598,Tulip,2,300,854
aa599,Rose,1,200,880
aa600,Tulip,1,100,31
aa601,Orchid,1,100,650
aa602,Lotus,1,300,135
aa603,Orchid,1,200,581
aa604,Lavender,2,200,243
aa605,Lavender,1,100,567
aa606,Orchid,2,300,47
aa607,Tulip,1,300,431
aa608,Rose,2,300,122
aa609,Orchid,1,200,279
aa610,Lotus,2,100,305
aa611,Lavender,1,100,789
aa612,Orchid,2,200,436
aa613,Tulip,1,100,485
aa614,Lavender,1,200,133
aa615,Lavender,1,200,817
aa616,Orchid,1,300,218
aa617,Lavender,2,200,333
aa618,Lotus,2,100,994
aa619,Rose,1,100,88
aa620,Orchid,1,300,220
aa621,Lavender,2,200,69
aa622,Rose,2,200,401
aa623,Lavender,2,300,965
aa624,Lotus,1,100,5
aa625,Lotus,1,300,531
aa626,Orchid,2,300,736
aa627,Rose,1,100,755
aa628,Orchid,1,100,755
aa629,Tulip,1,200,816
aa630,Lotus,1,100,438
aa631,Lotus,1,200,30
aa632,Orchid,1,200,585
aa633,Rose,2,300,123
aa634,Rose,1,100,879
aa635,Lotus,2,200,14
aa636,Tulip,1,300,154
aa637,Orchid,2,100,699
aa638,Tulip,2,200,773
aa639,Lavender,2,300,75
aa640,Rose,1,300,663
aa641,Orchid,2,300,677
aa642,Lotus,2,200,806
aa643,Lotus,1,100,466
aa644,Lotus,1,200,547
aa645,Lavender,2,200,82
aa646,Tulip,1,200,971
aa647,Lavender,2,200,886
aa648,Orchid,2,300,512
aa649,Tulip,2,200,111
aa650,Lotus,1,300,163
aa651,Rose,1,300,237
aa652,Lavender,2,300,452
aa653,Tulip,2,300,889
aa654,Lavender,1,100,920
aa655,Lavender,2,200,197
aa656,Lavender,1,200,614
aa657,Lotus,1,100,385
aa658,Rose,1,100,256
aa659,Lotus,1,100,929
aa660,Orchid,1,300,394
aa661,Orchid,2,100,394
aa662,Tulip,2,200,759
aa663,Tulip,2,300,217
aa664,Lotus,1,200,945
aa665,Orchid,1,100,78
aa666,Tulip,1,300,706
aa667,Rose,2,100,125
aa668,Rose,2,300,479
aa669,Rose,1,100,866
aa670,Tulip,1,300,704
aa671,Tulip,2,200,427
aa672,Tulip,1,200,148
aa673,Lavender,1,100,298
aa674,Lavender,1,200,318
aa675,Lotus,1,200,97
aa676,Tulip,2,200,219
aa677,Lavender,1,100,265
aa678,Lavender,1,100,285
aa679,Tulip,1,300,240
aa680,Tulip,2,300,781
aa681,Orchid,1,100,344
aa682,Orchid,2,100,410
aa683,Lavender,1,100,720
aa684,Tulip,2,100,674
aa685,Lavender,2,200,774
aa686,Tulip,2,300,41
aa687,Lavender,1,300,162
aa688,Lavender,2,200,739
aa689,Orchid,2,200,552
aa690,Tulip,1,200,426
aa691,Orchid,2,200,78
aa692,Lavender,1,100,808
aa693,Rose,2,200,670
aa694,Lavender,1,200,850
aa695,Rose,2,300,644
aa696,Orchid,1,200,579
aa697,Lotus,2,100,553
aa698,Rose,2,100,928
aa699,Lavender,2,300,459
aa700,Rose,2,300,214
aa701,Lotus,2,200,65
aa702,Lotus,1,200,339
aa703,Rose,1,200,144
aa704,Lotus,2,300,917
aa705,Lotus,2,100,823
aa706,Lotus,1,200,470
aa707,Lavender,1,200,607
aa708,Tulip,2,200,584
aa709,Lavender,2,100,619
aa710,Lotus,2,100,842
aa711,Lotus,2,100,410
aa712,Tulip,2,200,244
aa713,Lavender,1,100,90
aa714,Lotus,1,100,958
aa715,Lavender,2,300,742
aa716,Rose,2,300,448
aa717,Tulip,2,100,158
aa718,Rose,2,200,959
aa719,Rose,2,100,992
aa720,Tulip,1,200,612
aa721,Lavender,1,300,844
aa722,Lavender,1,100,343
aa723,Lavender,1,300,890
aa724,Lavender,2,300,6
aa725,Lotus,1,200,741
aa726,Lavender,2,100,27
aa727,Rose,1,200,167
aa728,Tulip,2,300,922
aa729,Lotus,2,200,462
aa730,Orchid,2,100,813
aa731,Orchid,1,200,74
aa732,Orchid,2,100,666
aa733,Lotus,1,200,412
aa734,Tulip,2,200,444
aa735,Orchid,2,300,149
aa736,Rose,1,300,457
aa737,Lotus,2,200,186
aa738,Rose,1,300,292
aa739,Rose,1,100,321
aa740,Lotus,1,300,892
aa741,Lavender,2,100,152
aa742,Tulip,1,200,828
aa743,Lotus,1,100,492
aa744,Tulip,1,200,440
aa745,Rose,1,100,270
aa746,Orchid,2,200,228
aa747,Lotus,1,100,521
aa748,Rose,2,200,371
aa749,Tulip,2,300,853
aa750,Orchid,1,200,470
aa751,Lavender,1,300,176
aa752,Rose,1,200,684
aa753,Tulip,2,300,218
aa754,Rose,1,100,162
aa755,Orchid,2,200,724
aa756,Lavender,2,300,83
aa757,Tulip,2,200,38
aa758,Tulip,2,100,311
aa759,Lotus,1,100,520
aa760,Lotus,2,200,207
aa761,Lotus,2,200,270
aa762,Lavender,2,300,793
aa763,Orchid,1,200,314
aa764,Rose,2,100,832
aa765,Orchid,2,300,263
aa766,Orchid,1,200,582
aa767,Orchid,2,300,861
aa768,Rose,1,200,536
aa769,Orchid,2,100,13
aa770,Lotus,2,300,331
aa771,Tulip,1,200,671
aa772,Orchid,2,200,523
aa773,Rose,1,300,971
aa774,Orchid,2,200,161
aa775,Lotus,1,300,946
aa776,Lavender,2,300,954
aa777,Tulip,2,300,930
aa778,Orchid,1,200,335
aa779,Rose,2,300,95
aa780,Tulip,1,100,260
aa781,Lotus,2,300,485
aa782,Lotus,2,100,402
aa783,Tulip,1,300,733
aa784,Lotus,1,100,399
aa785,Tulip,2,100,209
aa786,Lotus,2,100,784
aa787,Tulip,1,100,438
aa788,Orchid,1,100,638
aa789,Lotus,1,300,267
aa790,Orchid,2,300,338
aa791,Lotus,2,100,227
aa792,Lavender,1,100,137
aa793,Orchid,2,300,638
aa794,Tulip,2,300,931
aa795,Lotus,2,200,736
aa796,Lavender,1,200,783
aa797,Lotus,1,300,114
aa798,Lotus,2,200,452
aa799,Rose,2,300,266
aa800,Orchid,2,300,385
aa801,Tulip,1,200,430
aa802,Lotus,2,100,934
aa803,Orchid,1,100,673
aa804,Tulip,1,200,444
aa805,Lavender,1,300,724
aa806,Rose,2,100,562
aa807,Lotus,1,300,847
aa808,Lavender,1,100,692
aa809,Orchid,1,100,663
aa810,Orchid,1,200,45
aa811,Rose,2,300,906
aa812,Tulip,2,200,558
aa813,Lavender,1,300,148
aa814,Lavender,1,200,396
aa815,Orchid,2,100,515
aa816,Rose,2,100,239
aa817,Lotus,1,200,366
aa818,Lotus,2,200,743
aa819,Tulip,1,200,943
aa820,Rose,1,300,162
aa821,Tulip,2,100,224
aa822,Tulip,2,300,230
aa823,Tulip,2,300,596
aa824,Lavender,2,300,997
aa825,Lotus,2,200,269
aa826,Lavender,1,200,882
aa827,Lotus,1,100,577
aa828,Lavender,2,300,605
aa829,Orchid,2,200,710
aa830,Lotus,1,100,48
aa831,Lavender,1,300,773
aa832,Lavender,1,200,769
aa833,Rose,2,200,61
aa834,Rose,1,300,883
aa835,Lavender,2,200,573
aa836,Rose,2,300,354
aa837,Lotus,2,200,871
aa838,Rose,2,100,211
aa839,Lotus,2,100,556
aa840,Rose,2,200,289
aa841,Tulip,1,300,735
aa842,Rose,1,200,76
aa843,Tulip,2,300,55
aa844,Lotus,2,300,525
aa845,Rose,2,200,23
aa846,Lavender,1,300,360
aa847,Lavender,2,300,806
aa848,Tulip,1,100,143
aa849,Rose,1,100,278
aa850,Rose,2,200,531
aa851,Tulip,1,200,679
aa852,Rose,2,300,780
aa853,Orchid,1,200,304
aa854,Rose,2,200,799
aa855,Tulip,2,300,681
aa856,Rose,2,300,137
aa857,Lotus,1,200,654
aa858,Orchid,1,300,449
aa859,Lotus,2,300,758
aa860,Lavender,2,200,854
aa861,Lavender,1,100,375
aa862,Lavender,2,200,978
aa863,Lavender,2,100,456
aa864,Tulip,1,300,7
aa865,Tulip,2,200,721
aa866,Orchid,1,200,325
aa867,Orchid,2,200,180
aa868,Orchid,1,300,193
aa869,Tulip,2,300,320
aa870,Lavender,1,300,302
aa871,Rose,1,300,558
aa872,Lavender,1,300,131
aa873,Lavender,1,200,833
aa874,Tulip,1,200,686
aa875,Rose,1,300,289
aa876,Tulip,1,300,407
aa877,Lavender,1,300,112
aa878,Lotus,2,300,897
aa879,Lavender,2,100,538
aa880,Tulip,1,200,819
aa881,Rose,2,200,939
aa882,Lavender,1,100,356
aa883,Lotus,1,100,171
aa884,Lotus,2,200,719
aa885,Tulip,1,200,288
aa886,Lavender,1,100,628
aa887,Tulip,2,100,605
aa888,Tulip,2,300,539
aa889,Orchid,2,300,943
aa890,Rose,1,300,311
aa891,Tulip,2,200,967
aa892,Rose,2,300,324
aa893,Tulip,1,100,137
aa894,Lotus,1,200,165
aa895,Rose,2,100,840
aa896,Lotus,1,300,489
aa897,Lotus,1,300,407
aa898,Tulip,1,100,766
aa899,Tulip,1,200,236
aa900,Lavender,1,200,981
aa901,Tulip,2,200,33
aa902,Rose,2,300,835
aa903,Rose,2,100,711
aa904,Tulip,1,300,173
aa905,Orchid,1,300,194
aa906,Orchid,1,100,902
aa907,Tulip,2,100,572
aa908,Tulip,2,300,483
aa909,Lotus,2,100,360
aa910,Rose,1,200,455
aa911,Tulip,2,100,742
aa912,Tulip,2,300,889
aa913,Tulip,2,200,154
aa914,Tulip,2,100,438
aa915,Lotus,1,100,332
aa916,Lotus,1,200,803
aa917,Lotus,1,200,594
aa918,Lotus,2,200,460
aa919,Rose,1,100,633
aa920,Rose,1,200,773
aa921,Orchid,2,300,483
aa922,Orchid,2,100,82
aa923,Tulip,1,300,685
aa924,Lavender,2,300,758
aa925,Lotus,1,300,498
aa926,Orchid,2,100,159
aa927,Rose,2,200,692
aa928,Lavender,1,200,588
aa929,Lotus,1,100,636
aa930,Lotus,2,200,549
aa931,Lotus,2,100,198
aa932,Lavender,1,200,68
aa933,Lavender,1,300,452
aa934,Lavender,1,100,431
aa935,Lavender,1,100,781
aa936,Tulip,1,100,938
aa937,Lotus,2,300,624
aa938,Tulip,1,200,198
aa939,Orchid,2,300,554
aa940,Orchid,1,200,473
aa941,Orchid,2,200,601
aa942,Lotus,1,300,241
aa943,Tulip,2,200,507
aa944,Lotus,2,100,736
aa945,Tulip,1,100,10
aa946,Lavender,2,200,618
aa947,Tulip,2,300,587
aa948,Rose,1,200,903
aa949,Tulip,1,100,928
aa950,Rose,1,300,910
aa951,Tulip,1,200,725
aa952,Rose,2,200,493
aa953,Lavender,1,300,987
aa954,Orchid,2,200,737
aa955,Rose,2,100,900
aa956,Orchid,2,100,808
aa957,Orchid,2,100,233
aa958,Lotus,1,200,738
aa959,Orchid,2,300,600
aa960,Tulip,2,200,62
aa961,Lavender,1,100,463
aa962,Lotus,1,100,884
aa963,Lavender,1,300,505
aa964,Orchid,2,200,420
aa965,Tulip,2,300,133
aa966,Rose,1,100,289
aa967,Orchid,1,300,717
aa968,Lavender,2,100,994
aa969,Rose,2,100,512
aa970,Lavender,1,300,160
aa971,Lotus,1,200,165
aa972,Tulip,1,200,726
aa973,Lavender,2,200,470
aa974,Orchid,1,300,524
aa975,Tulip,2,200,753
aa976,Rose,2,200,299
aa977,Lavender,1,300,355
aa978,Lotus,1,100,25
aa979,Rose,2,200,701
aa980,Lotus,1,100,164
aa981,Rose,1,100,57
aa982,Tulip,2,200,689
aa983,Orchid,2,300,372
aa984,Orchid,1,100,47
aa985,Orchid,2,300,704
aa986,Rose,2,300,352
aa987,Tulip,1,100,465
aa988,Lavender,1,300,453
aa989,Rose,2,200,881
aa990,Lavender,2,200,390
aa991,Lavender,2,100,571
aa992,Orchid,2,100,906
aa993,Lotus,1,200,685
aa994,Rose,2,200,259
aa995,Tulip,1,300,237
aa996,Lotus,2,300,158
aa997,Rose,2,200,654
aa998,Orchid,2,100,209
aa999,Tulip,2,100,564
aa1000,Orchid,2,100,912
aa1001,Lotus,2,200,656
aa1002,Lavender,2,200,893
aa1003,Tulip,1,100,354
aa1004,Lotus,2,100,632
aa1005,Tulip,2,200,708
aa1006,Tulip,1,200,940
aa1007,Lotus,2,100,285
aa1008,Orchid,2,200,109
aa1009,Tulip,1,100,861
aa1010,Rose,1,200,475
aa1011,Tulip,2,100,842
aa1012,Lotus,2,100,899
aa1013,Orchid,2,200,413
aa1014,Lavender,1,100,815
aa1015,Rose,2,100,103
aa1016,Orchid,2,100,844
aa1017,Tulip,2,300,159
aa1018,Lotus,1,200,181
aa1019,Lotus,2,300,396
aa1020,Tulip,1,200,682
aa1021,Lavender,1,200,348
aa1022,Lavender,1,300,948
aa1023,Lavender,2,200,456
aa1024,Lotus,1,100,766
aa1025,Lavender,2,100,965
aa1026,Lavender,2,100,972
aa1027,Lotus,1,100,673
aa1028,Lotus,2,200,105
aa1029,Tulip,1,300,527
aa1030,Tulip,1,200,756
aa1031,Lavender,2,300,719
aa1032,Lavender,2,300,871
aa1033,Tulip,2,200,266
aa1034,Lavender,2,200,752
aa1035,Rose,2,200,540
aa1036,Rose,1,100,33
aa1037,Tulip,1,300,435
aa1038,Lotus,2,300,167
aa1039,Tulip,2,200,738
aa1040,Rose,2,300,419
aa1041,Lotus,2,300,172
aa1042,Orchid,2,200,848
aa1043,Orchid,1,300,596
aa1044,Orchid,2,200,882
aa1045,Lavender,2,300,254
aa1046,Tulip,2,200,95
aa1047,Lotus,2,100,646
aa1048,Orchid,1,300,707
aa1049,Lotus,1,200,535
aa1050,Rose,1,300,53
aa1051,Tulip,1,200,304
aa1052,Rose,2,200,281
aa1053,Lavender,2,100,966
aa1054,Orchid,2,300,1
aa1055,Rose,1,100,140
aa1056,Lavender,1,100,748
aa1057,Lotus,1,100,82
aa1058,Rose,2,100,806
aa1059,Rose,1,300,312
aa1060,Lavender,2,200,964
aa1061,Lotus,2,200,287
aa1062,Rose,1,300,196
aa1063,Orchid,1,100,788
aa1064,Lotus,1,100,333
aa1065,Lotus,1,300,536
aa1066,Rose,2,200,777
aa1067,Orchid,2,100,955
aa1068,Orchid,2,100,198
aa1069,Rose,2,300,12
aa1070,Tulip,1,100,407
aa1071,Lotus,2,300,38
aa1072,Orchid,2,200,632
aa1073,Rose,2,200,63
aa1074,Lavender,2,200,972
aa1075,Tulip,1,200,330
aa1076,Lavender,2,100,94
aa1077,Tulip,1,100,300
aa1078,Tulip,1,200,730
aa1079,Lotus,1,200,835
aa1080,Lotus,2,300,666
aa1081,Orchid,1,100,503
aa1082,Lotus,1,300,515
aa1083,Tulip,2,100,695
aa1084,Orchid,2,200,889
aa1085,Lotus,2,100,650
aa1086,Lavender,2,300,375
aa1087,Orchid,1,200,617
aa1088,Lotus,2,300,540
aa1089,Rose,1,200,287
aa1090,Lavender,2,100,285
aa1091,Tulip,1,200,729
aa1092,Rose,2,100,454
aa1093,Lotus,2,200,88
aa1094,Orchid,1,300,352
aa1095,Orchid,2,100,740
aa1096,Lavender,2,200,771
aa1097,Tulip,2,100,926
aa1098,Tulip,1,300,461
aa1099,Rose,2,300,81
aa1100,Lavender,2,100,925
aa1101,Tulip,1,100,660
aa1102,Tulip,2,100,910
aa1103,Lavender,1,200,60
aa1104,Lotus,2,300,783
aa1105,Tulip,1,300,531
aa1106,Rose,1,100,980
aa1107,Rose,2,100,476
aa1108,Rose,1,100,275
aa1109,Lotus,2,300,757
aa1110,Orchid,2,200,359
aa1111,Rose,2,200,1000
aa1112,Lavender,2,200,1000
aa1113,Rose,2,100,593
aa1114,Tulip,2,300,914
aa1115,Tulip,2,300,840
aa1116,Orchid,1,300,552
aa1117,Lotus,1,200,378
aa1118,Rose,1,300,690
aa1119,Rose,2,300,604
aa1120,Lavender,2,100,95
aa1121,Rose,2,300,481
aa1122,Lavender,1,300,317
aa1123,Lavender,1,100,966
aa1124,Tulip,1,300,501
aa1125,Rose,2,300,619
aa1126,Lotus,2,100,379
aa1127,Orchid,2,300,148
aa1128,Lotus,2,300,524
aa1129,Lavender,1,200,304
aa1130,Lavender,2,100,408
aa1131,Lavender,1,200,865
aa1132,Orchid,1,100,418
aa1133,Tulip,1,100,506
aa1134,Tulip,1,100,98
aa1135,Rose,1,100,647
aa1136,Lotus,1,200,830
aa1137,Orchid,2,200,329
aa1138,Lavender,2,100,405
aa1139,Tulip,1,300,900
aa1140,Rose,2,100,762
aa1141,Lavender,2,200,216
aa1142,Orchid,2,300,745
aa1143,Rose,2,100,51
aa1144,Rose,2,100,937
aa1145,Rose,2,200,571
aa1146,Tulip,2,100,646
aa1147,Tulip,2,200,738
aa1148,Rose,2,100,781
aa1149,Lavender,1,300,140
aa1150,Lavender,1,200,960
aa1151,Rose,1,100,34
aa1152,Lavender,2,200,481
aa1153,Lavender,1,200,586
aa1154,Tulip,2,300,421
aa1155,Tulip,1,300,609
aa1156,Lavender,1,200,394
aa1157,Lavender,1,200,296
aa1158,Orchid,1,100,367
aa1159,Rose,1,100,892
aa1160,Orchid,2,100,227
aa1161,Orchid,2,200,333
aa1162,Tulip,2,300,982
aa1163,Lotus,1,300,432
aa1164,Orchid,2,100,319
aa1165,Tulip,1,300,9
aa1166,Lavender,1,100,975
aa1167,Orchid,1,100,236
aa1168,Lotus,1,300,463
aa1169,Lotus,2,300,185
aa1170,Lotus,2,300,99
aa1171,Tulip,1,300,661
aa1172,Rose,1,100,942
aa1173,Lavender,2,100,355
aa1174,Lavender,2,100,474
aa1175,Lotus,2,200,511
aa1176,Lavender,1,300,208
aa1177,Orchid,2,100,379
aa1178,Lavender,1,100,519
aa1179,Rose,2,100,724
aa1180,Lotus,1,100,592
aa1181,Tulip,1,200,552
aa1182,Lavender,2,200,748
aa1183,Lotus,2,200,204
aa1184,Lotus,2,300,519
aa1185,Rose,1,300,476
aa1186,Tulip,2,200,663
aa1187,Lavender,2,200,632
aa1188,Lavender,1,100,559
aa1189,Lavender,2,100,461
aa1190,Orchid,2,200,510
aa1191,Lotus,1,100,154
aa1192,Orchid,2,300,993
aa1193,Tulip,1,300,404
aa1194,Orchid,2,100,872
aa1195,Orchid,1,100,457
aa1196,Lotus,1,100,488
aa1197,Lavender,2,100,299
aa1198,Lavender,2,100,257
aa1199,Orchid,1,200,201
aa1200,Tulip,2,100,391
aa1201,Lavender,1,200,705
aa1202,Lotus,2,300,698
aa1203,Lavender,2,300,793
aa1204,Lavender,2,100,93
aa1205,Lotus,2,100,103
aa1206,Lavender,1,100,429
aa1207,Rose,1,300,943
aa1208,Tulip,1,200,988
aa1209,Lavender,1,300,300
aa1210,Tulip,1,100,258
aa1211,Tulip,1,100,471
aa1212,Tulip,2,100,103
aa1213,Lavender,2,100,675
aa1214,Orchid,1,300,336
aa1215,Rose,2,300,208
aa1216,Orchid,1,300,444
aa1217,Lavender,1,100,652
aa1218,Lotus,1,100,460
aa1219,Lotus,1,200,515
aa1220,Lavender,1,100,69
aa1221,Rose,1,300,177
aa1222,Rose,2,300,583
aa1223,Rose,1,200,606
aa1224,Lotus,2,100,957
aa1225,Lavender,1,100,27
aa1226,Rose,1,200,701
aa1227,Orchid,2,100,690
aa1228,Tulip,2,300,242
aa1229,Tulip,1,100,566
aa1230,Tulip,1,300,507
aa1231,Lotus,1,100,644
aa1232,Lavender,1,100,911
aa1233,Lavender,2,100,148
aa1234,Lavender,1,100,988
aa1235,Tulip,1,100,995
aa1236,Lavender,2,300,203
aa1237,Orchid,2,300,266
aa1238,Lotus,1,100,634
aa1239,Lavender,1,100,711
aa1240,Tulip,1,200,397
aa1241,Orchid,1,100,759
aa1242,Lavender,1,200,283
aa1243,Lavender,1,300,1000
aa1244,Rose,2,300,515
aa1245,Tulip,2,100,604
aa1246,Lotus,2,100,648
aa1247,Orchid,2,200,145
aa1248,Tulip,1,300,612
aa1249,Rose,1,200,825
aa1250,Lotus,1,300,550
aa1251,Rose,1,200,849
aa1252,Tulip,1,200,502
aa1253,Lavender,1,300,376
aa1254,Lotus,2,200,634
aa1255,Orchid,1,200,239
aa1256,Lotus,2,200,769
aa1257,Lavender,1,200,925
aa1258,Rose,2,100,175
aa1259,Rose,2,300,882
aa1260,Rose,2,300,159
aa1261,Lavender,1,200,418
aa1262,Rose,1,100,537
aa1263,Orchid,2,300,923
aa1264,Lotus,2,100,738
aa1265,Lotus,1,200,860
aa1266,Orchid,1,100,194
aa1267,Rose,2,200,74
aa1268,Tulip,1,100,754
aa1269,Rose,1,100,770
aa1270,Rose,1,100,352
aa1271,Tulip,2,300,498
aa1272,Tulip,2,100,644
aa1273,Orchid,1,300,524
aa1274,Rose,1,300,440
aa1275,Tulip,2,300,646
aa1276,Rose,2,100,892
aa1277,Lavender,1,200,136
aa1278,Rose,2,100,804
aa1279,Lotus,1,300,826
aa1280,Rose,2,300,820
aa1281,Tulip,2,100,863
aa1282,Rose,2,100,88
aa1283,Tulip,1,200,793
aa1284,Lavender,1,100,658
aa1285,Rose,2,200,161
aa1286,Orchid,1,100,938
aa1287,Orchid,2,100,843
aa1288,Tulip,1,300,924
aa1289,Tulip,1,300,468
aa1290,Lavender,1,300,898
aa1291,Orchid,2,100,705
aa1292,Tulip,2,200,187
aa1293,Tulip,1,300,338
aa1294,Tulip,2,300,30
aa1295,Orchid,1,100,263
aa1296,Tulip,1,200,645
aa1297,Lavender,1,100,19
aa1298,Lotus,1,100,567
aa1299,Rose,2,200,688
aa1300,Tulip,2,300,774
aa1301,Lavender,2,200,895
aa1302,Tulip,2,100,858
aa1303,Rose,1,100,975
aa1304,Tulip,2,200,300
aa1305,Tulip,1,100,929
aa1306,Orchid,2,200,74
aa1307,Lotus,1,200,845
aa1308,Lotus,2,200,615
aa1309,Orchid,2,200,359
aa1310,Tulip,1,300,119
aa1311,Lotus,2,200,84
aa1312,Lotus,1,200,848
aa1313,Orchid,1,300,982
aa1314,Lavender,2,200,950
aa1315,Orchid,2,300,787
aa1316,Orchid,2,200,72
aa1317,Orchid,2,100,383
aa1318,Lavender,1,200,999
aa1319,Lavender,2,300,256
aa1320,Tulip,1,300,799
aa1321,Tulip,1,200,538
aa1322,Lotus,2,200,272
aa1323,Orchid,1,100,422
aa1324,Tulip,1,300,387
aa1325,Orchid,2,200,181
aa1326,Rose,1,100,375
aa1327,Orchid,2,100,777
aa1328,Lotus,2,300,362
aa1329,Tulip,2,300,551
aa1330,Tulip,1,100,769
aa1331,Orchid,1,300,465
aa1332,Lotus,2,300,537
aa1333,Orchid,2,200,53
aa1334,Lotus,1,200,153
aa1335,Lotus,2,100,711
aa1336,Lavender,1,300,930
aa1337,Orchid,2,300,7
aa1338,Orchid,2,100,168
aa1339,Lavender,1,300,458
aa1340,Tulip,1,200,113
aa1341,Orchid,2,200,261
aa1342,Lavender,1,200,7
aa1343,Lavender,2,300,830
aa1344,Tulip,1,300,873
aa1345,Lavender,1,300,570
aa1346,Lotus,1,300,899
aa1347,Lotus,1,200,519
aa1348,Orchid,2,200,75
aa1349,Tulip,1,100,324
aa1350,Lavender,1,200,273
aa1351,Orchid,1,200,918
aa1352,Lotus,2,100,837
aa1353,Tulip,2,100,43
aa1354,Tulip,1,100,403
aa1355,Lavender,2,200,857
aa1356,Orchid,2,300,606
aa1357,Lotus,2,200,655
aa1358,Lavender,1,100,542
aa1359,Tulip,2,200,961
aa1360,Orchid,2,100,233
aa1361,Rose,1,100,399
aa1362,Tulip,1,100,597
aa1363,Orchid,2,300,526
aa1364,Lavender,1,200,560
aa1365,Lavender,2,200,381
aa1366,Lavender,2,100,49
aa1367,Lavender,1,300,918
aa1368,Rose,2,100,294
aa1369,Orchid,2,200,64
aa1370,Lotus,2,200,460
aa1371,Lavender,2,100,31
aa1372,Lotus,2,300,522
aa1373,Tulip,2,200,741
aa1374,Orchid,1,300,235
aa1375,Tulip,2,100,662
aa1376,Lavender,1,200,767
aa1377,Rose,2,300,223
aa1378,Orchid,2,100,370
aa1379,Rose,1,200,189
aa1380,Tulip,2,200,661
aa1381,Rose,2,200,22
aa1382,Lavender,1,300,852
aa1383,Tulip,2,100,361
aa1384,Tulip,2,200,711
aa1385,Tulip,2,300,286
aa1386,Lavender,2,300,620
aa1387,Orchid,1,300,389
aa1388,Tulip,1,100,587
aa1389,Lotus,1,300,78
aa1390,Lavender,1,300,33
aa1391,Rose,2,100,533
aa1392,Orchid,1,300,627
aa1393,Rose,2,100,837
aa1394,Tulip,2,100,514
aa1395,Orchid,1,200,347
aa1396,Tulip,2,100,670
aa1397,Lotus,2,100,216
aa1398,Orchid,2,200,439
aa1399,Lavender,1,100,750
aa1400,Lotus,2,200,411
aa1401,Rose,1,300,952
aa1402,Rose,2,200,399
aa1403,Lotus,2,100,70
aa1404,Rose,2,100,512
aa1405,Lavender,1,200,736
aa1406,Lavender,2,200,880
aa1407,Lotus,2,300,225
aa1408,Rose,1,300,493
aa1409,Lotus,1,200,218
aa1410,Tulip,1,200,701
aa1411,Lotus,1,200,752
aa1412,Lavender,1,200,765
aa1413,Orchid,1,200,27
aa1414,Rose,1,100,305
aa1415,Rose,1,300,642
aa1416,Tulip,1,200,7
aa1417,Lavender,2,300,852
aa1418,Lavender,1,200,285
aa1419,Lotus,1,200,70
aa1420,Lavender,2,200,993
aa1421,Lotus,1,100,985
aa1422,Orchid,2,300,323
aa1423,Lavender,2,300,158
aa1424,Rose,2,200,564
aa1425,Orchid,2,300,185
aa1426,Lavender,1,300,3
aa1427,Rose,1,200,515
aa1428,Rose,2,300,920
aa1429,Lavender,1,100,487
aa1430,Orchid,2,300,576
aa1431,Tulip,1,100,210
aa1432,Orchid,1,200,88
aa1433,Lotus,2,200,734
aa1434,Orchid,2,200,60
aa1435,Rose,1,100,526
aa1436,Rose,1,100,530
aa1437,Lavender,2,200,984
aa1438,Lotus,1,200,559
aa1439,Lotus,1,200,902
aa1440,Rose,1,100,884
aa1441,Orchid,1,100,664
aa1442,Rose,2,300,594
aa1443,Orchid,2,200,587
aa1444,Lavender,2,200,490
aa1445,Orchid,1,100,273
aa1446,Lotus,1,200,63
aa1447,Lavender,1,200,170
aa1448,Tulip,2,100,329
aa1449,Lavender,1,200,854
aa1450,Lavender,2,300,848
aa1451,Lotus,1,300,726
aa1452,Lotus,1,100,407
aa1453,Tulip,2,300,898
aa1454,Lavender,1,200,667
aa1455,Tulip,1,200,73
aa1456,Tulip,2,200,970
aa1457,Lotus,2,100,423
aa1458,Lotus,2,200,265
aa1459,Lavender,1,300,420
aa1460,Lotus,1,100,242
aa1461,Lavender,1,300,593
aa1462,Tulip,2,100,977
aa1463,Orchid,2,200,768
aa1464,Lavender,1,100,18
aa1465,Rose,1,300,460
aa1466,Lavender,1,300,92
aa1467,Orchid,2,300,567
aa1468,Lotus,1,100,693
aa1469,Lotus,2,100,352
aa1470,Tulip,1,200,535
aa1471,Orchid,1,300,354
aa1472,Lavender,1,100,740
aa1473,Orchid,1,100,808
aa1474,Tulip,2,100,392
aa1475,Lavender,2,300,823
aa1476,Orchid,1,100,985
aa1477,Lavender,2,300,427
aa1478,Lavender,1,300,414
aa1479,Orchid,2,200,935
aa1480,Tulip,2,300,628
aa1481,Rose,1,100,543
aa1482,Orchid,1,300,860
aa1483,Tulip,2,300,773
aa1484,Tulip,1,300,320
aa1485,Lotus,2,100,336
aa1486,Lavender,2,100,404
aa1487,Lotus,1,100,833
aa1488,Lavender,2,100,471
aa1489,Lotus,2,300,987
aa1490,Tulip,2,200,85
aa1491,Lavender,2,100,860
aa1492,Lotus,2,100,737
aa1493,Orchid,1,100,772
aa1494,Tulip,1,300,913
aa1495,Tulip,1,200,510
aa1496,Tulip,2,300,902
aa1497,Lavender,2,100,888
aa1498,Lotus,1,200,47
aa1499,Lavender,1,100,881
aa1500,Lotus,1,200,614
aa1501,Lotus,2,100,404
aa1502,Lavender,1,200,594
aa1503,Rose,1,300,356
aa1504,Orchid,2,200,585
aa1505,Orchid,1,300,967
aa1506,Orchid,2,100,550
aa1507,Orchid,2,100,782
aa1508,Rose,2,300,434
aa1509,Lavender,2,100,677
aa1510,Orchid,2,300,477
aa1511,Orchid,1,200,979
aa1512,Lavender,1,300,373
aa1513,Tulip,2,100,254
aa1514,Rose,1,200,675
aa1515,Lavender,2,200,935
aa1516,Tulip,2,100,602
aa1517,Rose,1,300,136
aa1518,Orchid,2,100,813
aa1519,Rose,2,200,785
aa1520,Lotus,1,300,150
aa1521,Lavender,2,300,617
aa1522,Lotus,2,100,914
aa1523,Lotus,2,300,166
aa1524,Lotus,2,300,237
aa1525,Tulip,2,200,618
aa1526,Orchid,1,300,127
aa1527,Tulip,2,200,679
aa1528,Lotus,1,300,549
aa1529,Orchid,2,300,362
aa1530,Lavender,2,200,973
aa1531,Tulip,1,100,657
aa1532,Tulip,1,300,487
aa1533,Lavender,1,100,483
aa1534,Lotus,2,100,706
aa1535,Tulip,1,100,349
aa1536,Lotus,2,300,576
aa1537,Rose,1,300,360
aa1538,Lavender,2,200,319
aa1539,Orchid,2,100,296
aa1540,Tulip,2,200,470
aa1541,Orchid,2,300,593
aa1542,Orchid,2,300,718
aa1543,Orchid,2,100,113
aa1544,Lotus,2,200,843
aa1545,Lotus,1,200,250
aa1546,Lavender,1,100,818
aa1547,Tulip,1,100,259
aa1548,Rose,1,200,96
aa1549,Orchid,1,100,977
aa1550,Orchid,1,200,938
aa1551,Tulip,2,100,539
aa1552,Lotus,1,100,554
aa1553,Lavender,1,100,384
aa1554,Orchid,1,300,392
aa1555,Rose,1,100,685
aa1556,Lotus,1,200,948
aa1557,Orchid,2,200,729
aa1558,Lavender,1,200,258
aa1559,Lotus,2,200,24
aa1560,Lavender,2,100,673
aa1561,Orchid,2,200,531
aa1562,Tulip,1,200,954
aa1563,Rose,2,200,889
aa1564,Orchid,1,200,56
aa1565,Orchid,2,300,567
aa1566,Tulip,2,300,903
aa1567,Orchid,2,100,683
aa1568,Lotus,1,100,457
aa1569,Lotus,2,100,349
aa1570,Tulip,2,200,662
aa1571,Orchid,2,100,532
aa1572,Orchid,2,100,394
aa1573,Tulip,2,300,372
aa1574,Rose,2,200,77
aa1575,Lotus,2,200,839
aa1576,Rose,2,100,945
aa1577,Lotus,1,300,207
aa1578,Orchid,1,200,289
aa1579,Lavender,2,300,944
aa1580,Orchid,2,100,181
aa1581,Orchid,1,200,437
aa1582,Lavender,1,100,851
aa1583,Tulip,2,200,784
aa1584,Rose,2,200,130
aa1585,Rose,1,200,610
aa1586,Lotus,1,200,532
aa1587,Lotus,2,100,996
aa1588,Lotus,1,100,480
aa1589,Tulip,2,300,405
aa1590,Lotus,1,200,352
aa1591,Lavender,2,200,41
aa1592,Lavender,2,200,171
aa1593,Lotus,2,200,587
aa1594,Rose,1,300,355
aa1595,Lavender,1,300,497
aa1596,Tulip,2,300,493
aa1597,Lotus,2,100,439
aa1598,Lotus,2,100,584
aa1599,Tulip,2,200,924
aa1600,Orchid,2,200,563
aa1601,Orchid,2,200,848
aa1602,Rose,1,300,595
aa1603,Orchid,2,300,202
aa1604,Lotus,1,200,493
aa1605,Orchid,2,100,591
aa1606,Lotus,2,100,573
aa1607,Rose,1,100,202
aa1608,Lavender,2,300,247
aa1609,Tulip,2,300,89
aa1610,Rose,2,100,558
aa1611,Tulip,1,200,854
aa1612,Lotus,1,200,359
aa1613,Rose,2,200,882
aa1614,Lotus,1,300,626
aa1615,Rose,2,100,329
aa1616,Rose,1,300,643
aa1617,Lavender,2,300,544
aa1618,Orchid,1,300,483
aa1619,Lotus,1,200,911
aa1620,Orchid,2,100,538
aa1621,Lotus,2,200,239
aa1622,Orchid,2,100,217
aa1623,Lotus,2,200,992
aa1624,Lotus,1,100,733
aa1625,Tulip,2,100,750
aa1626,Rose,2,300,700
aa1627,Tulip,1,200,592
aa1628,Tulip,1,200,206
aa1629,Lavender,2,200,701
aa1630,Lavender,1,200,719
aa1631,Rose,2,300,848
aa1632,Tulip,2,300,799
aa1633,Lavender,1,300,641
aa1634,Lotus,2,200,549
aa1635,Lotus,2,100,663
aa1636,Tulip,1,100,41
aa1637,Tulip,1,200,11
aa1638,Rose,1,300,598
aa1639,Lavender,1,300,736
aa1640,Lotus,2,300,232
aa1641,Lotus,2,200,783
aa1642,Lotus,2,300,547
aa1643,Lotus,1,300,863
aa1644,Tulip,1,300,279
aa1645,Lavender,1,200,625
aa1646,Tulip,1,100,687
aa1647,Lotus,2,100,181
aa1648,Orchid,1,200,127
aa1649,Orchid,2,200,140
aa1650,Lavender,1,100,592
aa1651,Rose,2,100,447
aa1652,Lotus,1,200,234
aa1653,Orchid,1,300,621
aa1654,Orchid,2,300,905
aa1655,Orchid,1,100,126
aa1656,Lotus,2,200,703
aa1657,Tulip,1,200,284
aa1658,Tulip,2,100,753
aa1659,Orchid,2,300,882
aa1660,Lavender,2,100,993
aa1661,Tulip,1,200,451
aa1662,Tulip,2,300,955
aa1663,Tulip,1,100,166
aa1664,Lavender,1,200,212
aa1665,Lotus,2,200,709
aa1666,Tulip,1,100,955
aa1667,Lotus,2,200,176
aa1668,Rose,1,100,704
aa1669,Tulip,1,300,199
aa1670,Lavender,1,300,413
aa1671,Tulip,1,200,683
aa1672,Rose,1,300,255
aa1673,Tulip,2,100,814
aa1674,Lotus,2,300,540
aa1675,Tulip,1,100,917
aa1676,Tulip,1,300,298
aa1677,Lotus,2,100,507
aa1678,Lavender,1,300,577
aa1679,Lotus,1,200,642
aa1680,Lotus,2,300,835
aa1681,Tulip,2,200,567
aa1682,Lavender,2,300,697
aa1683,Tulip,1,200,1000
aa1684,Tulip,2,300,866
aa1685,Lotus,1,300,148
aa1686,Orchid,1,300,192
aa1687,Lotus,1,200,258
aa1688,Lavender,1,200,363
aa1689,Lotus,1,100,664
aa1690,Lotus,1,200,164
aa1691,Tulip,1,100,727
aa1692,Orchid,1,100,791
aa1693,Lavender,2,100,47
aa1694,Tulip,2,300,768
aa1695,Lotus,2,300,427
aa1696,Lotus,2,200,983
aa1697,Lavender,1,200,296
aa1698,Orchid,2,200,639
aa1699,Lotus,1,300,878
aa1700,Rose,2,100,716
aa1701,Orchid,1,200,193
aa1702,Rose,1,300,149
aa1703,Rose,2,100,536
aa1704,Orchid,1,200,553
aa1705,Orchid,2,200,452
aa1706,Lavender,2,300,828
aa1707,Orchid,2,300,425
aa1708,Lotus,1,200,315
aa1709,Lavender,1,100,350
aa1710,Orchid,2,300,40
aa1711,Tulip,1,300,331
aa1712,Tulip,2,100,576
aa1713,Rose,1,100,403
aa1714,Tulip,1,200,258
aa1715,Lotus,1,200,364
aa1716,Lavender,2,200,627
aa1717,Lavender,2,200,711
aa1718,Tulip,2,200,155
aa1719,Lavender,2,200,355
aa1720,Orchid,1,100,831
aa1721,Tulip,2,200,232
aa1722,Rose,2,100,797
aa1723,Lavender,1,300,870
aa1724,Rose,1,200,485
aa1725,Lavender,1,200,52
aa1726,Tulip,2,200,138
aa1727,Rose,2,100,650
aa1728,Lavender,2,200,28
aa1729,Orchid,1,200,976
aa1730,Rose,1,200,138
aa1731,Lotus,1,200,997
aa1732,Tulip,1,100,398
aa1733,Orchid,2,300,908
aa1734,Orchid,2,100,782
aa1735,Lavender,2,200,439
aa1736,Tulip,2,100,868
aa1737,Tulip,2,200,380
aa1738,Lotus,1,200,222
aa1739,Rose,2,200,258
aa1740,Lotus,1,200,102
aa1741,Tulip,2,100,216
aa1742,Orchid,1,100,354
aa1743,Lotus,2,200,544
aa1744,Orchid,1,100,489
aa1745,Lavender,1,100,756
aa1746,Lotus,2,300,573
aa1747,Lotus,1,100,715
aa1748,Rose,2,200,357
aa1749,Lavender,1,100,375
aa1750,Lotus,2,200,227
aa1751,Lotus,1,100,428
aa1752,Lavender,2,100,410
aa1753,Orchid,2,300,5
aa1754,Lavender,2,100,526
aa1755,Orchid,1,100,552
aa1756,Rose,1,200,839
aa1757,Lavender,1,200,650
aa1758,Tulip,2,200,737
aa1759,Tulip,2,300,938
aa1760,Lavender,1,200,495
aa1761,Lavender,2,200,157
aa1762,Rose,1,300,276
aa1763,Lavender,1,200,650
aa1764,Rose,1,200,609
aa1765,Rose,2,300,635
aa1766,Tulip,2,100,122
aa1767,Lotus,2,100,972
aa1768,Lotus,2,300,11
aa1769,Lotus,1,200,735
aa1770,Lotus,1,200,612
aa1771,Lotus,2,300,418
aa1772,Lotus,2,200,756
aa1773,Tulip,1,100,240
aa1774,Orchid,1,300,493
aa1775,Tulip,2,100,445
aa1776,Lotus,2,300,860
aa1777,Tulip,1,300,960
aa1778,Lotus,2,200,932
aa1779,Orchid,1,200,895
aa1780,Orchid,2,100,449
aa1781,Orchid,1,100,931
aa1782,Lavender,2,200,562
aa1783,Tulip,1,100,63
aa1784,Rose,2,200,856
aa1785,Lavender,2,300,585
aa1786,Rose,1,300,951
aa1787,Tulip,1,100,382
aa1788,Orchid,1,300,818
aa1789,Orchid,1,100,436
aa1790,Lavender,2,300,745
aa1791,Orchid,2,100,494
aa1792,Rose,1,300,847
aa1793,Tulip,2,300,124
aa1794,Rose,2,300,592
aa1795,Lavender,1,200,752
aa1796,Lotus,2,300,786
aa1797,Orchid,1,200,562
aa1798,Orchid,2,100,497
aa1799,Tulip,2,100,432
aa1800,Lotus,2,300,257
aa1801,Lotus,2,200,755
aa1802,Orchid,1,300,763
aa1803,Tulip,2,200,746
aa1804,Orchid,2,300,446
aa1805,Tulip,1,300,306
aa1806,Rose,2,100,346
aa1807,Lotus,1,200,689
aa1808,Tulip,2,200,19
aa1809,Orchid,2,300,603
aa1810,Rose,1,200,908
aa1811,Orchid,2,100,136
aa1812,Tulip,2,100,14
aa1813,Tulip,1,200,334
aa1814,Rose,2,300,27
aa1815,Rose,1,300,692
aa1816,Orchid,1,300,558
aa1817,Rose,2,100,576
aa1818,Lavender,1,200,161
aa1819,Rose,2,200,3
aa1820,Orchid,2,200,262
aa1821,Lotus,1,100,281
aa1822,Rose,1,200,328
aa1823,Lavender,1,100,799
aa1824,Rose,1,100,772
aa1825,Rose,2,300,834
aa1826,Tulip,1,300,200
aa1827,Lavender,2,200,209
aa1828,Orchid,2,300,92
aa1829,Lavender,2,300,753
aa1830,Rose,2,100,945
aa1831,Lotus,2,200,62
aa1832,Lotus,2,200,363
aa1833,Orchid,1,200,331
aa1834,Orchid,1,100,998
aa1835,Orchid,1,100,726
aa1836,Lavender,1,200,348
aa1837,Lotus,2,300,761
aa1838,Orchid,2,100,104
aa1839,Lavender,1,200,456
aa1840,Lavender,2,100,602
aa1841,Lavender,1,100,515
aa1842,Rose,2,200,544
aa1843,Orchid,2,300,5
aa1844,Rose,2,300,798
aa1845,Rose,1,200,507
aa1846,Lotus,1,200,1
aa1847,Rose,1,300,354
aa1848,Lotus,2,100,163
aa1849,Lotus,1,300,743
aa1850,Orchid,2,200,948
aa1851,Rose,2,300,856
aa1852,Orchid,2,200,219
aa1853,Tulip,1,300,951
aa1854,Lavender,2,200,279
aa1855,Tulip,1,200,418
aa1856,Rose,1,100,695
aa1857,Orchid,1,300,436
aa1858,Tulip,1,300,52
aa1859,Orchid,1,200,211
aa1860,Orchid,1,300,20
aa1861,Tulip,2,200,998
aa1862,Lotus,2,100,18
aa1863,Rose,1,200,438
aa1864,Lavender,2,200,483
aa1865,Orchid,2,200,946
aa1866,Lotus,1,300,191
aa1867,Lavender,2,100,713
aa1868,Tulip,2,200,683
aa1869,Lavender,1,100,522
aa1870,Tulip,2,300,719
aa1871,Lotus,1,100,356
aa1872,Orchid,2,200,816
aa1873,Lavender,1,100,793
aa1874,Orchid,1,100,348
aa1875,Rose,2,100,77
aa1876,Lavender,1,200,731
aa1877,Tulip,1,200,923
aa1878,Rose,1,200,969
aa1879,Orchid,1,100,28
aa1880,Rose,2,200,280
aa1881,Tulip,1,300,832
aa1882,Lotus,1,100,865
aa1883,Lavender,1,300,971
aa1884,Tulip,1,200,525
aa1885,Rose,2,300,238
aa1886,Rose,2,300,916
aa1887,Lavender,2,200,327
aa1888,Lavender,2,200,916
aa1889,Rose,2,100,244
aa1890,Lavender,1,300,718
aa1891,Lavender,1,200,142
aa1892,Lavender,2,200,636
aa1893,Lotus,2,100,690
aa1894,Lotus,1,200,623
aa1895,Tulip,2,100,23
aa1896,Lotus,1,300,742
aa1897,Orchid,2,200,786
aa1898,Tulip,1,200,709
aa1899,Lavender,2,200,377
aa1900,Lotus,2,200,78
aa1901,Rose,2,200,342
aa1902,Tulip,2,300,578
aa1903,Lavender,1,200,829
aa1904,Lotus,1,300,819
aa1905,Rose,1,100,435
aa1906,Lotus,1,200,443
aa1907,Lotus,1,100,173
aa1908,Orchid,1,300,406
aa1909,Lotus,2,100,100
aa1910,Lavender,2,300,604
aa1911,Orchid,1,100,239
aa1912,Orchid,1,200,591
aa1913,Rose,2,100,979
aa1914,Orchid,2,100,1
aa1915,Rose,1,200,69
aa1916,Rose,2,300,739
aa1917,Lotus,2,300,959
aa1918,Lavender,1,200,285
aa1919,Rose,2,200,913
aa1920,Orchid,1,200,163
aa1921,Orchid,1,100,387
aa1922,Orchid,2,300,566
aa1923,Lotus,1,200,465
aa1924,Lavender,1,300,114
aa1925,Orchid,2,300,643
aa1926,Rose,2,300,249
aa1927,Lotus,1,200,456
aa1928,Lavender,2,200,907
aa1929,Rose,1,300,533
aa1930,Lavender,2,100,784
aa1931,Lavender,1,200,141
aa1932,Tulip,2,200,967
aa1933,Lavender,1,100,199
aa1934,Rose,2,200,344
aa1935,Lotus,1,300,548
aa1936,Orchid,2,300,709
aa1937,Lotus,1,100,264
aa1938,Lavender,2,300,641
aa1939,Orchid,1,300,616
aa1940,Rose,2,100,0
aa1941,Orchid,1,100,156
aa1942,Lotus,1,100,800
aa1943,Tulip,1,300,776
aa1944,Lotus,2,100,819
aa1945,Lotus,2,100,394
aa1946,Rose,1,300,242
aa1947,Rose,2,100,572
aa1948,Lotus,2,300,495
aa1949,Rose,1,100,267
aa1950,Orchid,1,200,335
aa1951,Lotus,2,300,68
aa1952,Orchid,2,300,268
aa1953,Lotus,2,300,69
aa1954,Tulip,1,200,739
aa1955,Tulip,1,100,119
aa1956,Orchid,1,300,121
aa1957,Tulip,1,300,338
aa1958,Lotus,1,100,129
aa1959,Orchid,2,200,754
aa1960,Lotus,1,300,719
aa1961,Orchid,2,200,396
aa1962,Tulip,1,300,985
aa1963,Rose,2,100,642
aa1964,Lotus,2,300,202
aa1965,Orchid,2,100,516
aa1966,Lotus,1,100,69
aa1967,Tulip,2,300,907
aa1968,Tulip,2,200,637
aa1969,Rose,2,300,814
aa1970,Rose,2,100,191
aa1971,Lotus,1,300,81
aa1972,Rose,1,100,510
aa1973,Lotus,2,200,538
aa1974,Orchid,2,300,30
aa1975,Orchid,1,200,996
aa1976,Tulip,1,300,160
aa1977,Orchid,2,300,270
aa1978,Orchid,1,100,136
aa1979,Lotus,1,300,244
aa1980,Orchid,1,200,641
aa1981,Lavender,2,200,412
aa1982,Tulip,1,300,877
aa1983,Lotus,2,100,726
aa1984,Tulip,2,100,830
aa1985,Lotus,2,200,576
aa1986,Orchid,2,200,299
aa1987,Tulip,2,100,965
aa1988,Tulip,2,100,17
aa1989,Orchid,2,200,586
aa1990,Orchid,2,100,59
aa1991,Rose,1,200,268
aa1992,Orchid,1,100,35
aa1993,Rose,2,300,146
aa1994,Lotus,1,100,63
aa1995,Rose,2,300,982
aa1996,Rose,2,100,910
aa1997,Orchid,1,100,508
aa1998,Tulip,2,200,549
aa1999,Rose,2,200,12
aa2000,Lavender,1,100,641
aa2001,Rose,2,300,234
aa2002,Orchid,1,300,408
aa2003,Tulip,2,300,885
aa2004,Lavender,1,300,165
aa2005,Lavender,1,200,829
aa2006,Orchid,1,100,860
aa2007,Lavender,1,200,124
aa2008,Rose,2,300,800
aa2009,Tulip,1,100,27
aa2010,Orchid,2,300,637
aa2011,Rose,1,100,57
